customer_id,age,income,loyalty_score,discount_given,purchased
1,55.6,65.6,0.494,0,0
2,54.2,40.1,0.375,20,0
3,48.9,41.3,0.53,0,1
4,25.9,56.2,0.236,20,0
5,23.8,52.9,0.768,20,0
6,18.0,47.6,0.173,20,0
7,31.0,46.1,0.653,20,1
8,39.0,65.8,0.271,10,1
9,25.9,87.6,0.312,20,1
10,43.2,59.8,0.562,0,1
11,45.8,58.5,0.725,10,1
12,32.3,41.3,0.136,20,0
13,21.9,55.5,0.488,20,1
14,54.6,83.8,0.408,20,1
15,38.4,80.7,0.192,20,0
16,61.3,79.4,0.504,20,1
17,39.1,78.7,0.198,10,1
18,39.9,68.7,0.429,20,1
19,26.4,68.0,0.268,10,0
20,32.9,64.9,0.321,20,0
21,19.3,51.7,0.347,20,0
22,21.9,61.7,0.555,20,1
23,46.9,64.3,0.209,10,0
24,34.6,72.7,0.447,0,1
25,32.9,62.0,0.298,0,1
26,29.1,102.1,0.3,20,1
27,33.4,35.8,0.493,10,1
28,51.6,75.1,0.282,0,0
29,39.7,59.2,0.297,0,0
30,23.8,60.0,0.4,20,0
31,50.4,43.7,0.173,20,0
32,58.7,80.4,0.303,20,1
33,43.9,73.1,0.443,10,0
34,48.7,76.7,0.075,0,0
35,52.6,63.4,0.162,0,0
36,18.1,53.5,0.31,0,0
37,60.4,58.7,0.469,20,1
38,51.2,68.7,0.813,0,1
39,43.9,19.9,0.271,10,0
40,36.5,77.5,0.114,0,0
41,22.0,108.5,0.108,10,0
42,34.0,69.6,0.28,20,0
43,43.4,54.4,0.725,0,0
44,24.7,56.8,0.101,10,0
45,37.2,74.2,0.328,0,1
46,23.8,54.8,0.434,0,1
47,33.4,77.4,0.234,0,1
48,21.8,56.5,0.555,0,1
49,20.5,94.3,0.607,20,1
50,42.1,93.7,0.143,10,1
51,31.0,53.4,0.488,0,1
52,32.2,58.4,0.459,0,0
53,30.4,59.6,0.325,10,0
54,70.7,59.8,0.225,20,0
55,45.3,41.1,0.636,0,0
56,46.6,38.3,0.152,10,0
57,28.7,85.0,0.258,20,1
58,44.1,81.8,0.48,10,0
59,35.3,81.5,0.475,0,0
60,28.6,58.6,0.639,10,1
61,61.1,97.8,0.208,10,0
62,44.9,59.6,0.592,20,0
63,44.3,77.3,0.422,10,0
64,26.3,32.2,0.403,20,1
65,22.8,55.4,0.348,0,0
66,37.3,56.9,0.625,20,0
67,31.1,58.7,0.139,10,0
68,45.4,33.5,0.105,10,0
69,46.2,74.1,0.678,0,0
70,38.8,80.6,0.497,0,1
71,47.9,45.1,0.64,20,0
72,40.3,37.1,0.55,10,1
73,27.5,44.6,0.298,0,0
74,35.6,69.9,0.609,10,1
75,39.6,48.1,0.467,0,1
76,49.1,57.3,0.287,20,0
77,40.7,38.5,0.389,20,1
78,31.1,99.6,0.208,0,1
79,49.6,61.5,0.965,20,1
80,42.6,83.0,0.095,20,0
81,56.5,69.9,0.067,0,0
82,39.0,59.2,0.233,10,1
83,25.6,58.1,0.457,0,1
84,52.1,45.5,0.164,10,1
85,31.1,51.0,0.178,0,0
86,41.5,39.8,0.447,0,0
87,40.2,37.7,0.352,0,0
88,38.5,101.7,0.406,0,1
89,36.0,65.6,0.578,20,0
90,18.2,89.3,0.284,0,0
91,26.0,44.1,0.332,0,1
92,51.5,35.0,0.25,20,1
93,43.1,40.4,0.353,0,1
94,60.9,51.6,0.344,10,1
95,25.5,60.7,0.494,20,1
96,37.6,57.0,0.547,20,0
97,52.0,44.5,0.524,0,0
98,31.2,61.8,0.141,0,0
99,32.2,63.5,0.304,20,1
100,34.5,74.0,0.252,0,0
101,32.7,89.4,0.357,0,1
102,44.4,52.7,0.68,0,0
103,18.0,84.3,0.206,0,1
104,57.7,61.3,0.245,10,0
105,26.5,29.5,0.358,20,1
106,18.0,95.7,0.29,20,1
107,37.9,105.5,0.245,20,0
108,33.5,72.4,0.424,0,0
109,35.9,61.8,0.383,0,1
110,41.8,54.6,0.231,20,0
111,45.7,50.7,0.096,0,0
112,58.2,84.2,0.63,0,1
113,29.7,59.7,0.248,20,0
114,47.3,93.5,0.79,10,1
115,46.5,60.7,0.697,0,1
116,18.0,51.8,0.511,20,1
117,28.0,48.0,0.169,20,0
118,22.6,45.1,0.225,0,0
119,43.4,70.3,0.379,20,1
120,42.1,34.1,0.232,0,1
121,42.3,43.6,0.337,10,0
122,34.3,86.5,0.064,20,0
123,35.5,40.9,0.615,20,1
124,37.7,77.3,0.473,0,1
125,33.2,18.7,0.322,0,0
126,47.3,89.0,0.83,0,1
127,25.2,34.6,0.25,10,1
128,28.6,42.5,0.829,0,1
129,39.5,73.6,0.102,0,0
130,33.6,65.4,0.063,0,0
131,24.7,77.9,0.608,0,0
132,44.4,34.4,0.259,0,1
133,31.1,54.3,0.406,20,1
134,27.9,47.7,0.539,0,1
135,35.9,37.8,0.677,0,1
136,27.3,71.9,0.232,20,0
137,37.6,78.9,0.397,20,1
138,33.7,53.3,0.369,0,0
139,31.8,90.5,0.063,0,0
140,31.9,44.3,0.441,10,0
141,49.9,90.0,0.52,0,1
142,42.4,71.2,0.477,20,1
143,18.0,35.5,0.433,0,0
144,48.6,99.6,0.53,0,1
145,44.2,51.1,0.542,0,0
146,43.5,84.1,0.216,20,0
147,48.7,62.9,0.765,20,1
148,38.2,67.5,0.59,0,0
149,45.4,78.0,0.288,10,0
150,32.4,76.9,0.26,0,0
151,48.2,53.2,0.29,0,0
152,40.6,70.6,0.501,20,1
153,21.5,69.1,0.622,0,1
154,50.4,64.3,0.76,20,1
155,36.5,55.9,0.31,10,0
156,34.8,64.2,0.152,20,1
157,32.7,99.4,0.27,20,1
158,33.6,54.1,0.221,0,0
159,40.8,84.1,0.536,0,1
160,26.1,47.6,0.299,0,1
161,19.2,42.4,0.263,0,0
162,25.2,125.5,0.312,10,1
163,42.6,70.8,0.261,0,1
164,36.1,71.4,0.213,20,1
165,51.4,71.9,0.707,10,1
166,37.2,88.1,0.2,20,0
167,48.1,68.2,0.535,20,0
168,29.7,76.3,0.127,20,1
169,32.8,38.8,0.485,0,0
170,38.1,79.7,0.77,10,1
171,36.2,55.3,0.222,0,0
172,35.1,73.4,0.191,0,0
173,27.5,25.7,0.327,0,1
174,19.0,72.6,0.145,20,0
175,45.6,15.2,0.178,0,1
176,44.2,54.5,0.888,10,0
177,30.6,25.9,0.585,20,0
178,42.5,72.7,0.173,0,0
179,36.0,61.4,0.639,10,1
180,51.3,44.6,0.275,20,0
181,22.3,88.7,0.446,0,0
182,36.5,42.1,0.354,10,1
183,35.5,15.0,0.593,0,0
184,39.9,70.3,0.469,20,0
185,56.4,24.7,0.227,0,1
186,36.5,42.7,0.178,0,0
187,46.9,49.7,0.129,10,0
188,36.2,31.5,0.52,0,1
189,50.9,50.1,0.124,0,0
190,47.0,31.9,0.367,0,1
191,34.0,63.2,0.363,0,0
192,33.1,35.4,0.318,10,1
193,43.8,60.6,0.459,10,1
194,30.1,83.2,0.148,10,0
195,40.3,75.6,0.159,10,0
196,33.7,58.4,0.492,0,0
197,42.4,40.2,0.238,0,0
198,36.1,63.2,0.509,20,1
199,29.7,46.1,0.367,20,1
200,51.3,64.0,0.493,0,1
201,40.9,25.7,0.286,0,0
202,37.4,76.1,0.214,10,1
203,43.0,60.7,0.802,10,1
204,18.0,104.2,0.836,20,1
205,63.1,86.1,0.726,0,1
206,38.3,71.3,0.439,20,1
207,18.0,57.5,0.369,0,1
208,52.4,45.4,0.089,0,0
209,29.0,78.8,0.434,20,1
210,50.5,55.4,0.221,0,1
211,39.5,83.4,0.128,0,1
212,19.2,68.0,0.431,20,1
213,41.1,68.2,0.835,20,1
214,40.3,71.9,0.122,20,1
215,51.8,41.6,0.333,0,0
216,44.3,39.6,0.239,0,0
217,23.1,38.9,0.491,20,1
218,50.0,80.9,0.511,10,0
219,33.0,41.1,0.267,20,1
220,58.6,43.6,0.259,0,0
221,33.7,70.8,0.563,0,0
222,35.5,55.0,0.214,20,1
223,28.1,52.4,0.121,0,1
224,32.0,50.7,0.438,0,0
225,28.8,15.0,0.377,0,0
226,52.1,40.7,0.405,0,1
227,22.0,83.6,0.607,0,1
228,47.7,49.2,0.569,0,0
229,47.9,22.0,0.375,0,1
230,54.5,39.8,0.35,20,0
231,38.5,67.2,0.197,0,1
232,25.7,66.8,0.116,20,0
233,35.9,54.1,0.382,0,0
234,45.1,46.2,0.525,10,1
235,39.0,32.0,0.644,0,1
236,42.4,67.4,0.679,20,1
237,54.4,76.8,0.68,20,0
238,45.0,85.8,0.498,20,0
239,40.4,37.8,0.248,10,0
240,18.0,87.3,0.301,10,1
241,28.6,58.9,0.535,20,1
242,33.1,60.5,0.429,20,1
243,18.0,77.9,0.576,20,1
244,24.7,49.2,0.379,0,1
245,34.8,16.7,0.394,20,1
246,36.7,74.1,0.357,0,0
247,44.1,67.0,0.302,0,1
248,35.5,52.8,0.745,0,0
249,41.0,72.5,0.278,0,1
250,33.0,76.5,0.472,20,1
251,38.5,29.8,0.242,20,0
252,43.4,60.5,0.732,20,1
253,55.7,15.0,0.175,10,1
254,31.8,57.5,0.214,10,0
255,39.7,52.5,0.589,10,1
256,48.4,69.8,0.455,0,0
257,20.7,38.5,0.3,20,0
258,62.0,51.6,0.525,10,1
259,52.1,15.0,0.36,10,0
260,18.0,71.2,0.288,10,1
261,42.5,58.2,0.309,20,0
262,31.2,61.7,0.671,0,1
263,33.2,30.1,0.551,0,0
264,42.2,68.0,0.489,20,1
265,50.6,93.1,0.4,10,0
266,32.4,56.3,0.331,20,1
267,32.6,73.0,0.264,0,1
268,42.5,42.6,0.629,0,1
269,44.9,58.5,0.143,20,1
270,25.9,29.4,0.103,0,0
271,58.7,75.8,0.514,10,1
272,30.3,63.2,0.287,0,0
273,49.6,35.6,0.663,0,0
274,43.4,44.0,0.569,10,0
275,45.3,61.2,0.376,0,0
276,30.5,78.5,0.574,20,1
277,18.0,89.6,0.618,20,1
278,37.7,57.3,0.645,0,1
279,37.8,32.7,0.318,10,0
280,26.5,64.8,0.101,10,0
281,49.0,95.7,0.021,0,0
282,37.4,27.5,0.623,0,1
283,28.3,40.9,0.376,0,0
284,45.0,72.2,0.198,10,0
285,45.3,63.1,0.427,10,0
286,29.4,49.1,0.41,10,1
287,52.8,64.4,0.42,20,1
288,64.9,79.6,0.308,20,0
289,24.9,58.0,0.534,10,1
290,35.8,56.3,0.179,20,0
291,42.0,71.8,0.325,0,1
292,65.4,54.6,0.226,20,1
293,29.2,82.9,0.527,10,1
294,26.7,100.5,0.236,20,1
295,26.6,42.1,0.135,10,0
296,52.7,35.0,0.457,0,0
297,29.5,67.4,0.446,10,1
298,27.8,34.3,0.136,0,0
299,40.8,33.9,0.603,10,0
300,41.7,19.0,0.414,0,1
301,50.9,52.4,0.294,20,0
302,39.1,59.3,0.056,10,0
303,41.0,49.7,0.539,10,1
304,36.7,87.8,0.436,0,1
305,22.3,86.3,0.471,20,1
306,35.6,98.6,0.503,20,0
307,38.8,60.9,0.089,20,0
308,32.7,83.7,0.313,0,1
309,19.2,66.2,0.622,10,0
310,24.4,64.2,0.15,0,0
311,37.5,50.7,0.37,10,0
312,49.2,15.0,0.143,0,0
313,58.2,72.7,0.524,10,0
314,35.8,83.1,0.377,10,0
315,29.4,29.5,0.525,0,0
316,33.5,59.8,0.491,10,0
317,25.4,79.8,0.713,20,1
318,47.5,52.8,0.731,0,0
319,63.7,83.9,0.121,20,1
320,29.7,57.2,0.462,0,1
321,23.7,49.5,0.734,0,1
322,50.1,85.0,0.409,0,1
323,41.8,41.3,0.8,20,1
324,42.0,45.5,0.329,0,0
325,57.1,42.1,0.577,20,1
326,21.6,37.1,0.768,10,0
327,21.3,63.1,0.19,0,0
328,36.1,49.7,0.351,10,0
329,38.8,69.8,0.757,0,0
330,33.7,25.3,0.483,20,0
331,67.5,37.5,0.507,0,0
332,34.3,61.0,0.602,0,1
333,31.4,89.4,0.36,20,0
334,39.5,67.6,0.53,20,1
335,49.7,48.2,0.475,0,0
336,29.3,30.2,0.28,20,1
337,36.2,47.0,0.357,0,0
338,50.0,59.2,0.79,20,0
339,50.7,15.0,0.23,10,0
340,40.6,35.7,0.637,0,0
341,67.0,45.2,0.43,0,1
342,61.8,54.9,0.589,0,0
343,21.1,58.9,0.596,0,1
344,18.0,47.8,0.461,0,1
345,47.5,70.1,0.294,10,0
346,54.4,62.5,0.717,20,0
347,35.3,52.6,0.619,0,1
348,32.0,72.9,0.452,10,1
349,28.2,71.2,0.444,10,0
350,24.0,30.9,0.224,20,1
351,51.6,59.4,0.564,10,1
352,33.4,77.8,0.724,10,0
353,41.6,81.1,0.197,0,1
354,18.0,67.4,0.218,0,0
355,50.0,55.3,0.391,0,0
356,45.1,68.4,0.255,0,1
357,21.9,76.2,0.381,0,0
358,41.1,62.3,0.374,10,0
359,38.1,64.6,0.207,0,1
360,32.6,55.0,0.754,10,0
361,18.0,33.3,0.2,0,1
362,30.1,56.5,0.383,20,1
363,41.6,46.5,0.245,20,0
364,31.4,46.5,0.672,0,1
365,35.3,88.7,0.42,0,1
366,56.0,79.0,0.418,10,1
367,37.1,26.1,0.725,0,1
368,18.0,38.3,0.33,0,0
369,35.8,52.7,0.47,0,1
370,39.2,47.2,0.243,20,1
371,28.1,66.3,0.387,20,0
372,46.8,35.1,0.525,10,0
373,20.5,79.2,0.212,10,0
374,36.3,59.1,0.342,20,1
375,20.3,53.2,0.469,20,1
376,34.5,59.7,0.147,20,0
377,46.5,51.6,0.524,0,0
378,36.1,19.4,0.464,0,0
379,35.4,60.2,0.311,10,1
380,38.3,53.6,0.413,10,1
381,38.9,40.9,0.781,0,0
382,46.3,81.9,0.163,0,0
383,46.4,73.4,0.375,20,0
384,55.1,108.8,0.787,20,0
385,40.0,76.7,0.239,0,0
386,18.1,47.1,0.306,20,0
387,48.3,41.9,0.607,10,0
388,54.2,50.1,0.441,20,0
389,67.5,46.7,0.358,0,1
390,55.4,62.2,0.166,0,0
391,32.1,29.2,0.581,0,1
392,40.2,72.9,0.778,10,0
393,34.8,61.8,0.394,10,0
394,33.1,70.6,0.578,0,0
395,36.6,37.1,0.294,20,0
396,53.4,64.9,0.252,0,1
397,18.9,86.0,0.151,0,0
398,26.0,42.8,0.48,10,0
399,52.6,42.2,0.673,10,1
400,55.4,74.2,0.36,0,1
401,30.1,40.6,0.571,20,0
402,57.8,55.3,0.345,10,0
403,49.7,89.5,0.533,10,0
404,34.8,42.5,0.382,10,0
405,18.0,90.9,0.079,0,0
406,18.0,53.3,0.235,10,0
407,30.1,37.6,0.298,20,1
408,47.1,72.1,0.367,0,0
409,47.2,62.2,0.486,0,1
410,32.4,60.3,0.127,20,1
411,35.2,44.6,0.155,0,0
412,37.6,62.0,0.355,0,0
413,35.4,18.6,0.655,20,1
414,40.0,64.4,0.474,0,1
415,37.6,85.9,0.186,0,0
416,18.0,24.7,0.11,20,1
417,35.5,51.9,0.303,20,1
418,37.7,42.5,0.387,0,1
419,49.9,29.8,0.644,10,0
420,28.0,18.9,0.15,20,0
421,40.4,36.4,0.557,20,1
422,44.8,55.2,0.237,0,0
423,36.2,83.0,0.676,0,0
424,18.0,29.5,0.557,0,0
425,50.1,65.9,0.553,20,1
426,47.0,64.4,0.624,20,1
427,40.7,93.4,0.295,20,1
428,38.5,71.4,0.729,20,1
429,18.0,72.6,0.361,10,0
430,47.3,74.0,0.534,0,1
431,55.8,41.5,0.7,20,1
432,24.6,48.5,0.091,10,0
433,54.1,82.3,0.611,10,1
434,51.6,19.0,0.581,0,1
435,24.3,46.4,0.562,20,0
436,33.3,33.4,0.195,0,0
437,21.3,64.7,0.223,0,0
438,37.2,51.6,0.355,10,1
439,43.4,72.5,0.396,10,0
440,22.2,57.8,0.296,0,0
441,42.6,29.1,0.663,20,1
442,45.7,30.0,0.019,0,0
443,45.8,59.9,0.328,0,0
444,43.5,44.6,0.158,0,0
445,23.3,49.3,0.726,20,0
446,36.5,78.8,0.473,20,1
447,42.2,75.2,0.364,20,0
448,55.5,96.0,0.195,20,1
449,38.0,53.7,0.474,0,1
450,43.1,47.2,0.155,0,1
451,26.8,68.4,0.451,10,0
452,24.1,48.8,0.716,0,1
453,22.6,49.4,0.704,20,0
454,33.0,56.0,0.225,10,1
455,62.7,93.1,0.682,20,1
456,33.2,74.1,0.075,0,0
457,42.4,76.2,0.33,10,1
458,44.7,92.2,0.234,10,1
459,24.9,78.1,0.056,0,0
460,32.8,37.4,0.556,10,0
461,45.5,77.7,0.634,10,1
462,43.1,80.3,0.611,10,1
463,18.0,73.0,0.463,0,1
464,45.1,56.1,0.457,0,0
465,31.4,70.9,0.768,10,0
466,31.7,59.6,0.309,0,0
467,42.9,40.4,0.475,0,0
468,56.3,45.4,0.258,0,0
469,35.6,74.1,0.618,0,1
470,52.1,41.9,0.601,0,1
471,20.7,43.8,0.451,0,0
472,39.6,75.1,0.459,10,0
473,31.5,62.7,0.387,10,0
474,41.4,71.5,0.461,10,1
475,34.4,35.4,0.099,20,0
476,21.9,71.0,0.476,0,0
477,27.4,46.8,0.751,10,1
478,18.3,39.7,0.285,20,0
479,22.3,49.9,0.449,0,1
480,43.8,87.2,0.348,10,0
481,35.0,52.7,0.274,0,0
482,40.8,104.0,0.589,10,1
483,59.8,18.8,0.297,10,1
484,34.4,29.1,0.578,0,0
485,45.6,86.5,0.425,0,0
486,38.3,91.5,0.13,0,1
487,71.2,42.7,0.24,0,1
488,18.0,61.4,0.427,0,1
489,29.4,74.2,0.335,10,1
490,45.8,55.4,0.33,20,1
491,29.0,63.0,0.39,20,0
492,44.8,60.2,0.258,0,1
493,37.3,30.4,0.193,20,1
494,48.4,53.1,0.478,10,1
495,24.4,60.2,0.012,0,0
496,40.1,62.1,0.302,20,1
497,43.6,25.4,0.465,10,0
498,39.6,75.1,0.685,20,1
499,39.8,62.6,0.346,0,1
500,52.4,38.9,0.753,10,0
501,18.0,96.0,0.191,20,1
502,39.5,53.1,0.489,10,0
503,23.5,54.4,0.358,10,0
504,47.1,72.8,0.156,10,1
505,27.9,97.7,0.582,20,1
506,18.0,73.6,0.375,0,0
507,47.4,76.5,0.153,10,0
508,34.8,40.0,0.504,0,0
509,42.3,61.7,0.108,10,0
510,55.1,49.4,0.553,20,1
511,42.5,74.1,0.229,0,1
512,40.0,75.9,0.869,20,0
513,37.4,92.7,0.268,0,0
514,24.2,16.8,0.375,0,0
515,35.4,47.4,0.479,0,1
516,61.7,86.0,0.271,0,1
517,33.5,32.0,0.632,0,0
518,36.1,76.1,0.424,0,0
519,53.1,82.7,0.072,10,1
520,19.5,59.4,0.126,20,0
521,45.4,31.6,0.664,10,0
522,18.9,57.6,0.359,0,0
523,42.8,89.2,0.357,20,1
524,37.7,90.8,0.353,10,1
525,45.3,64.2,0.198,0,0
526,25.9,40.5,0.352,20,0
527,31.6,94.8,0.347,0,1
528,46.0,76.4,0.848,10,1
529,31.9,41.8,0.426,0,1
530,47.1,66.9,0.395,0,0
531,40.5,65.9,0.383,20,1
532,32.7,47.3,0.399,0,1
533,34.2,67.0,0.352,0,0
534,38.0,82.1,0.542,20,1
535,35.4,54.1,0.338,20,0
536,46.8,84.2,0.667,20,1
537,33.5,24.9,0.326,0,0
538,31.1,104.4,0.604,0,1
539,48.9,61.1,0.636,20,0
540,32.9,81.5,0.269,0,1
541,31.5,64.4,0.131,0,0
542,18.0,43.5,0.742,10,1
543,25.5,59.3,0.331,0,0
544,27.9,21.8,0.423,0,1
545,31.5,73.8,0.241,0,1
546,29.3,63.9,0.27,0,0
547,49.8,56.2,0.702,0,1
548,28.7,75.1,0.682,0,1
549,29.6,60.8,0.464,0,0
550,39.9,72.1,0.353,10,1
551,24.8,79.2,0.529,20,0
552,56.8,49.0,0.282,0,0
553,47.6,43.3,0.441,10,0
554,24.0,25.5,0.201,0,1
555,50.2,62.5,0.185,0,0
556,52.7,69.0,0.473,0,1
557,24.3,33.5,0.436,10,1
558,24.0,88.4,0.417,20,0
559,30.7,43.6,0.31,10,0
560,21.0,17.9,0.474,0,0
561,28.6,89.9,0.276,0,0
562,33.2,20.5,0.068,10,0
563,44.0,79.3,0.372,0,0
564,39.0,74.4,0.172,10,1
565,36.2,66.4,0.558,10,0
566,32.2,49.5,0.703,20,1
567,22.3,70.1,0.797,20,1
568,45.1,81.0,0.388,20,0
569,44.8,40.3,0.239,10,1
570,30.6,79.5,0.417,10,1
571,24.8,78.6,0.393,0,1
572,56.7,65.9,0.437,20,1
573,41.0,49.2,0.623,10,1
574,42.8,78.7,0.306,0,0
575,43.3,70.2,0.434,0,1
576,23.6,39.7,0.208,0,0
577,56.0,52.7,0.365,10,0
578,33.2,76.4,0.82,10,1
579,47.9,62.3,0.247,0,0
580,55.5,81.7,0.576,0,1
581,39.0,53.2,0.337,20,0
582,23.8,40.0,0.585,20,1
583,18.0,103.9,0.579,20,1
584,37.5,26.4,0.212,0,1
585,41.0,50.0,0.532,20,1
586,31.0,65.6,0.13,0,1
587,39.6,79.7,0.159,0,0
588,43.2,72.9,0.394,0,0
589,49.9,106.2,0.69,0,1
590,35.3,57.6,0.485,0,0
591,37.5,42.5,0.227,20,0
592,35.9,55.6,0.072,0,1
593,38.4,53.6,0.517,0,1
594,31.8,58.6,0.382,0,0
595,31.8,40.4,0.414,0,0
596,32.5,75.7,0.474,10,0
597,39.9,67.4,0.608,0,1
598,27.8,34.7,0.369,20,1
599,32.6,79.4,0.711,0,0
600,59.7,43.8,0.244,10,1
601,48.8,36.3,0.105,10,0
602,26.5,61.7,0.645,20,1
603,48.4,24.8,0.156,20,0
604,45.5,71.8,0.412,10,0
605,36.8,15.0,0.7,0,0
606,29.5,39.4,0.1,0,0
607,28.1,91.5,0.508,20,0
608,40.7,46.3,0.101,20,1
609,27.8,49.8,0.403,0,1
610,51.2,85.5,0.021,0,1
611,54.6,44.1,0.157,10,1
612,37.5,75.3,0.238,0,0
613,51.7,83.5,0.088,0,0
614,33.1,69.6,0.527,0,0
615,29.4,31.1,0.458,10,0
616,51.2,47.9,0.689,20,1
617,57.0,114.3,0.168,10,1
618,61.6,50.2,0.327,0,1
619,42.0,119.7,0.12,0,1
620,48.3,94.2,0.266,0,0
621,41.7,70.4,0.728,10,1
622,54.8,65.9,0.542,10,1
623,43.2,50.7,0.15,0,1
624,47.7,58.2,0.047,10,0
625,24.4,46.2,0.043,10,0
626,35.2,58.7,0.548,0,0
627,47.8,32.8,0.232,0,0
628,46.7,31.7,0.872,20,0
629,48.8,86.0,0.423,0,0
630,39.4,27.8,0.243,10,0
631,30.2,77.7,0.133,0,0
632,37.3,22.1,0.603,20,1
633,38.6,72.6,0.27,20,0
634,40.9,55.8,0.478,10,0
635,26.4,86.4,0.392,20,0
636,34.8,53.4,0.395,20,1
637,36.9,19.8,0.577,10,0
638,18.0,56.2,0.136,0,0
639,48.0,63.2,0.445,0,0
640,40.0,57.4,0.321,20,0
641,41.2,71.5,0.564,10,1
642,31.8,48.7,0.603,0,0
643,45.0,34.7,0.195,0,0
644,28.0,40.0,0.521,10,0
645,29.9,49.7,0.155,0,0
646,45.5,49.5,0.347,10,1
647,42.3,108.1,0.398,20,0
648,22.7,85.1,0.572,10,0
649,56.9,73.7,0.551,0,1
650,28.9,68.9,0.151,0,1
651,36.4,66.0,0.521,0,0
652,59.0,66.1,0.404,0,0
653,18.0,63.3,0.775,10,1
654,18.0,60.8,0.259,10,1
655,43.3,18.2,0.303,0,1
656,18.0,52.6,0.829,0,0
657,18.0,55.2,0.643,0,0
658,52.1,45.0,0.14,20,0
659,33.1,48.9,0.334,0,0
660,64.4,66.0,0.49,20,1
661,25.6,75.4,0.586,20,0
662,34.2,66.0,0.206,10,0
663,44.5,74.8,0.706,20,1
664,43.7,75.2,0.107,0,1
665,34.9,54.0,0.176,10,1
666,30.2,70.5,0.679,0,1
667,40.8,25.1,0.383,20,0
668,54.5,52.3,0.41,0,0
669,47.2,50.0,0.533,20,1
670,30.4,90.6,0.224,0,1
671,26.1,66.7,0.119,20,0
672,29.7,33.3,0.485,0,1
673,22.7,71.9,0.559,10,0
674,39.8,78.2,0.414,10,0
675,47.8,58.2,0.322,0,0
676,37.1,73.8,0.168,10,0
677,58.6,15.0,0.31,20,0
678,59.3,15.0,0.809,0,1
679,41.7,36.4,0.328,20,1
680,46.4,63.0,0.326,10,0
681,27.2,90.6,0.371,20,0
682,33.7,37.5,0.309,0,0
683,53.3,42.9,0.684,10,1
684,31.0,61.8,0.562,20,0
685,55.8,50.2,0.265,0,0
686,51.4,49.0,0.331,10,0
687,47.0,51.6,0.359,0,0
688,23.9,86.3,0.4,0,0
689,34.3,82.3,0.247,10,1
690,45.7,60.5,0.262,10,0
691,26.2,93.1,0.685,10,1
692,35.7,70.2,0.731,0,1
693,47.0,83.1,0.269,0,1
694,31.2,42.8,0.315,0,0
695,27.8,46.9,0.529,10,1
696,18.0,46.7,0.099,20,0
697,33.4,58.3,0.658,20,1
698,47.3,61.2,0.242,0,0
699,27.5,66.5,0.498,20,1
700,38.2,99.5,0.083,0,0
701,35.3,74.4,0.521,20,1
702,30.0,49.7,0.501,0,0
703,48.1,59.9,0.479,10,0
704,57.7,90.1,0.193,0,1
705,50.1,75.6,0.275,0,0
706,29.6,89.8,0.423,0,1
707,61.9,50.3,0.264,0,1
708,50.0,45.8,0.222,0,1
709,32.5,46.1,0.654,0,1
710,28.7,52.0,0.054,0,1
711,51.5,38.7,0.698,10,1
712,40.1,65.9,0.181,0,0
713,27.8,66.2,0.463,10,0
714,36.2,86.8,0.454,0,0
715,33.1,24.8,0.193,20,1
716,28.1,41.1,0.269,20,0
717,50.2,76.1,0.569,0,1
718,47.4,63.7,0.336,10,1
719,48.1,60.9,0.864,0,1
720,47.9,85.3,0.235,20,1
721,27.0,39.8,0.235,0,0
722,30.8,45.4,0.169,0,0
723,55.5,43.1,0.245,0,0
724,39.3,19.7,0.368,0,1
725,20.4,62.7,0.877,0,0
726,40.6,49.5,0.248,10,0
727,45.9,45.3,0.057,0,0
728,44.3,41.7,0.293,0,0
729,26.7,59.6,0.368,0,1
730,60.6,44.0,0.688,0,0
731,20.0,64.4,0.396,0,1
732,39.3,69.2,0.286,20,1
733,58.8,54.1,0.238,0,0
734,45.1,52.8,0.515,10,0
735,48.0,63.7,0.373,0,1
736,25.4,59.4,0.507,0,0
737,42.2,86.6,0.163,10,1
738,37.6,66.4,0.314,0,1
739,24.4,81.9,0.56,0,1
740,48.4,72.2,0.111,10,1
741,28.2,33.6,0.181,0,1
742,29.6,48.8,0.341,0,1
743,43.2,59.0,0.647,10,1
744,36.3,77.4,0.73,20,1
745,40.0,98.6,0.198,0,0
746,35.5,50.3,0.54,0,1
747,55.0,61.1,0.72,0,0
748,26.9,76.0,0.551,0,0
749,32.4,58.8,0.399,10,0
750,43.8,92.9,0.429,20,1
751,26.1,33.0,0.226,20,1
752,25.6,73.6,0.271,0,1
753,39.7,73.4,0.322,0,1
754,48.4,83.0,0.313,10,1
755,50.0,61.2,0.297,0,1
756,39.1,77.8,0.17,20,1
757,29.9,55.0,0.712,20,1
758,41.3,44.0,0.364,20,0
759,44.8,41.1,0.297,0,1
760,41.1,31.2,0.13,0,0
761,52.8,51.2,0.506,20,1
762,25.8,66.2,0.232,10,0
763,29.6,55.8,0.263,20,0
764,51.1,64.0,0.261,0,0
765,20.3,84.7,0.525,10,1
766,31.5,49.7,0.448,10,0
767,29.2,106.8,0.08,0,0
768,19.2,75.1,0.645,10,1
769,35.8,56.1,0.486,10,0
770,47.0,55.6,0.405,0,0
771,39.9,39.8,0.211,0,0
772,47.6,59.5,0.608,10,1
773,52.3,16.8,0.378,0,0
774,33.4,85.1,0.269,20,0
775,69.8,15.0,0.137,0,1
776,33.9,60.8,0.349,0,1
777,35.4,37.1,0.674,20,1
778,29.5,46.0,0.29,20,1
779,44.5,48.6,0.115,0,0
780,34.5,98.5,0.286,20,0
781,37.1,37.9,0.272,0,1
782,35.5,78.3,0.389,0,1
783,35.3,83.2,0.211,0,1
784,39.9,15.0,0.245,0,1
785,32.6,47.7,0.123,20,1
786,33.2,89.7,0.468,20,0
787,50.9,33.7,0.237,20,1
788,34.5,84.0,0.197,10,1
789,42.6,59.6,0.604,0,0
790,27.3,58.8,0.673,20,0
791,32.7,61.4,0.468,20,0
792,23.2,66.9,0.703,20,0
793,60.3,40.9,0.612,20,1
794,54.5,54.8,0.347,20,0
795,45.1,67.4,0.167,0,0
796,63.8,63.5,0.281,10,0
797,47.2,67.0,0.232,20,0
798,35.9,45.6,0.506,20,0
799,42.5,72.6,0.32,0,1
800,54.3,62.5,0.082,0,1
801,27.4,28.4,0.297,10,0
802,23.9,49.4,0.205,0,1
803,42.9,42.1,0.367,10,1
804,31.0,41.8,0.59,0,0
805,18.0,50.5,0.134,0,0
806,23.1,72.3,0.66,10,1
807,34.3,47.5,0.39,10,1
808,38.6,64.5,0.51,0,0
809,38.9,61.2,0.239,0,1
810,62.1,44.4,0.355,0,1
811,35.5,53.1,0.655,0,0
812,41.3,77.3,0.627,0,0
813,18.5,63.0,0.39,0,1
814,37.6,71.0,0.31,10,1
815,42.0,85.4,0.439,20,1
816,21.5,68.7,0.425,0,0
817,26.8,21.6,0.709,0,1
818,43.9,65.4,0.23,10,0
819,31.4,47.6,0.227,0,0
820,36.8,96.2,0.307,20,1
821,44.5,68.0,0.171,10,1
822,62.4,48.1,0.475,0,0
823,35.3,71.3,0.097,0,0
824,59.2,61.8,0.744,10,0
825,18.0,25.6,0.455,0,1
826,39.8,77.3,0.541,0,0
827,34.0,51.9,0.078,0,0
828,31.6,88.4,0.525,20,1
829,45.9,57.5,0.451,10,1
830,35.4,88.8,0.47,0,1
831,18.0,68.5,0.349,10,0
832,18.9,79.5,0.543,0,1
833,46.7,50.2,0.204,0,1
834,18.4,67.1,0.469,0,0
835,47.0,25.5,0.127,0,0
836,39.5,57.5,0.143,20,0
837,36.0,30.3,0.736,0,0
838,37.0,37.1,0.221,0,0
839,44.2,42.2,0.177,0,0
840,23.9,73.2,0.651,0,1
841,38.5,57.1,0.654,0,1
842,24.3,60.6,0.289,20,0
843,40.0,56.5,0.879,20,1
844,45.8,81.6,0.256,0,0
845,40.0,60.1,0.626,10,0
846,45.3,65.0,0.437,10,0
847,29.6,48.6,0.281,10,1
848,37.3,83.0,0.56,10,1
849,35.1,84.5,0.121,0,0
850,34.4,59.3,0.407,10,0
851,28.4,48.3,0.324,0,0
852,32.8,27.7,0.549,20,1
853,24.6,42.6,0.41,20,0
854,18.0,16.7,0.476,0,1
855,29.6,41.8,0.536,0,1
856,45.5,67.1,0.326,20,1
857,40.8,59.0,0.439,10,0
858,22.9,106.5,0.783,20,1
859,33.1,52.6,0.425,0,0
860,46.3,51.0,0.323,10,1
861,32.6,81.3,0.603,10,1
862,21.0,21.5,0.323,20,0
863,65.1,30.4,0.765,0,0
864,36.0,73.3,0.68,0,1
865,24.0,56.1,0.284,0,0
866,40.1,56.6,0.297,20,0
867,37.0,41.3,0.577,20,1
868,19.5,64.8,0.673,20,0
869,39.1,43.8,0.614,20,1
870,49.8,61.5,0.372,0,1
871,35.2,36.8,0.396,0,0
872,18.0,56.4,0.349,0,0
873,42.1,100.5,0.375,0,0
874,45.2,51.5,0.267,20,0
875,31.0,57.4,0.808,20,1
876,31.1,55.9,0.524,0,0
877,65.1,63.5,0.503,10,0
878,30.1,69.4,0.661,20,0
879,24.5,65.1,0.098,0,1
880,38.3,65.6,0.532,0,0
881,44.9,56.4,0.682,10,0
882,44.4,62.0,0.159,0,0
883,18.0,55.7,0.662,10,1
884,30.1,23.8,0.526,0,1
885,51.8,112.6,0.414,0,0
886,41.9,74.6,0.388,20,1
887,23.2,40.4,0.198,10,0
888,52.9,64.6,0.07,0,0
889,49.6,33.1,0.62,20,1
890,34.4,50.1,0.175,0,0
891,48.6,30.4,0.265,0,0
892,62.0,59.0,0.854,20,1
893,25.3,28.4,0.454,0,1
894,44.7,67.8,0.474,20,0
895,61.8,73.6,0.313,0,1
896,45.8,43.5,0.654,0,1
897,28.9,63.2,0.124,0,0
898,40.9,42.4,0.543,0,0
899,54.4,70.2,0.147,20,0
900,25.8,46.2,0.807,10,1
901,37.6,75.8,0.499,20,0
902,35.1,23.8,0.19,10,0
903,30.4,39.9,0.386,0,1
904,40.9,37.8,0.559,20,0
905,36.8,64.1,0.283,10,1
906,45.7,71.1,0.306,10,1
907,51.7,65.6,0.648,20,1
908,22.7,49.8,0.377,10,1
909,38.8,15.0,0.66,0,0
910,37.4,60.8,0.447,10,0
911,40.4,75.8,0.553,0,1
912,37.8,113.6,0.669,0,1
913,26.2,51.5,0.716,10,1
914,55.5,46.7,0.188,0,0
915,60.6,66.4,0.546,0,1
916,44.6,54.9,0.778,0,1
917,45.2,85.5,0.603,10,0
918,39.6,43.8,0.424,0,0
919,49.6,55.0,0.658,20,1
920,18.0,77.5,0.82,0,1
921,38.0,66.2,0.54,10,1
922,31.1,83.2,0.572,0,1
923,39.7,51.3,0.501,10,0
924,51.1,85.3,0.126,0,0
925,38.2,26.7,0.557,20,1
926,33.7,27.5,0.157,20,0
927,21.2,85.6,0.546,20,1
928,36.7,60.1,0.112,20,0
929,46.1,78.4,0.176,0,1
930,27.9,62.0,0.335,10,0
931,18.0,59.9,0.296,10,0
932,65.3,33.4,0.631,10,0
933,42.0,59.5,0.434,20,1
934,35.3,87.2,0.203,10,1
935,54.7,61.1,0.266,20,0
936,39.7,73.6,0.437,0,0
937,54.0,73.1,0.388,20,0
938,53.0,39.7,0.491,10,0
939,22.7,77.1,0.552,20,0
940,43.5,53.7,0.657,0,1
941,58.7,54.8,0.512,20,0
942,26.0,102.0,0.382,20,0
943,26.2,71.9,0.289,0,1
944,28.2,47.2,0.764,10,1
945,48.7,61.3,0.435,0,1
946,41.4,60.7,0.497,20,1
947,18.0,93.7,0.313,10,1
948,42.1,60.8,0.302,0,0
949,35.0,104.2,0.207,0,0
950,36.7,34.1,0.401,10,1
951,28.0,59.4,0.264,0,0
952,42.2,44.7,0.298,10,0
953,50.6,50.1,0.602,20,0
954,30.3,50.5,0.135,20,0
955,18.0,45.8,0.231,0,0
956,34.4,94.6,0.495,20,1
957,47.1,88.5,0.506,20,1
958,32.9,68.1,0.689,0,0
959,20.0,50.5,0.08,0,0
960,47.2,46.3,0.65,0,1
961,55.0,74.8,0.19,20,1
962,38.2,66.0,0.337,0,0
963,18.7,57.1,0.122,0,0
964,34.2,70.8,0.031,10,1
965,39.8,77.8,0.663,10,1
966,28.3,56.9,0.208,20,0
967,45.0,44.3,0.553,20,1
968,27.1,33.6,0.281,0,0
969,38.3,65.0,0.703,20,1
970,35.3,103.3,0.313,0,0
971,45.4,37.8,0.349,10,1
972,37.8,82.0,0.234,10,0
973,35.6,46.5,0.183,0,0
974,28.4,50.5,0.601,20,0
975,38.4,78.3,0.389,10,1
976,34.9,54.9,0.052,0,0
977,27.6,65.0,0.724,20,1
978,39.9,64.6,0.463,10,1
979,42.4,46.5,0.205,10,1
980,33.9,77.9,0.118,10,0
981,49.2,58.8,0.202,20,1
982,41.2,32.2,0.436,0,0
983,22.6,42.2,0.631,0,1
984,54.0,15.0,0.331,0,0
985,47.2,61.0,0.92,0,1
986,50.0,86.1,0.297,10,1
987,42.8,39.1,0.374,0,1
988,18.0,71.7,0.16,0,1
989,51.1,68.6,0.362,0,0
990,38.7,45.0,0.611,20,1
991,42.2,90.7,0.787,20,1
992,44.5,54.5,0.572,0,1
993,61.2,100.2,0.081,10,1
994,31.4,27.3,0.161,0,0
995,31.8,54.6,0.086,10,0
996,27.8,57.0,0.2,0,1
997,25.2,59.2,0.233,0,1
998,25.4,74.3,0.223,10,1
999,18.0,128.0,0.506,20,1
1000,43.1,69.1,0.154,0,0
1001,61.9,60.5,0.513,20,1
1002,62.6,38.1,0.562,10,1
1003,27.8,22.2,0.314,20,0
1004,34.7,83.4,0.674,0,0
1005,52.8,49.1,0.571,0,0
1006,43.2,112.1,0.233,20,0
1007,39.6,77.4,0.456,0,1
1008,34.9,66.8,0.298,0,1
1009,52.1,67.9,0.568,0,1
1010,25.1,68.1,0.531,20,0
1011,43.8,46.1,0.482,0,1
1012,42.1,25.0,0.126,20,1
1013,38.5,49.0,0.253,0,1
1014,47.5,59.6,0.233,0,0
1015,38.4,47.0,0.072,0,0
1016,31.6,34.3,0.148,0,0
1017,39.1,45.0,0.174,10,0
1018,18.9,80.7,0.312,10,0
1019,45.4,75.0,0.545,10,0
1020,48.4,63.4,0.256,0,0
1021,30.1,71.7,0.345,10,1
1022,27.3,37.4,0.294,20,0
1023,30.6,44.1,0.359,10,0
1024,37.2,66.2,0.366,20,0
1025,40.6,39.9,0.652,0,1
1026,57.4,62.2,0.307,20,1
1027,55.9,34.7,0.639,0,0
1028,48.0,27.0,0.38,0,0
1029,39.5,74.7,0.353,20,1
1030,26.9,80.5,0.813,20,1
1031,58.2,47.4,0.661,10,0
1032,35.0,29.6,0.068,0,0
1033,41.4,15.8,0.445,0,0
1034,45.5,96.8,0.162,0,1
1035,38.7,62.2,0.418,20,1
1036,51.8,47.8,0.217,0,1
1037,43.5,52.7,0.43,20,0
1038,49.9,21.7,0.805,0,0
1039,43.4,72.4,0.512,20,0
1040,37.5,100.0,0.287,20,1
1041,38.9,44.3,0.289,0,1
1042,37.3,107.7,0.654,0,1
1043,22.6,57.7,0.514,20,0
1044,26.0,93.3,0.684,10,1
1045,46.9,66.1,0.505,10,0
1046,22.9,66.1,0.399,10,1
1047,33.1,96.9,0.555,0,0
1048,25.4,75.7,0.822,20,1
1049,32.5,67.5,0.391,0,1
1050,36.1,21.2,0.268,20,1
1051,33.1,29.9,0.261,0,0
1052,20.9,69.2,0.515,20,1
1053,35.8,89.4,0.307,0,0
1054,26.5,62.6,0.347,0,0
1055,30.4,48.2,0.666,0,1
1056,46.9,23.2,0.188,10,0
1057,49.5,44.3,0.384,10,0
1058,22.3,62.6,0.663,20,1
1059,56.8,42.9,0.462,0,0
1060,31.9,40.7,0.423,10,0
1061,30.8,59.0,0.543,20,0
1062,27.3,89.0,0.419,0,0
1063,38.7,73.7,0.333,0,0
1064,61.8,65.7,0.074,0,0
1065,19.5,63.8,0.553,0,0
1066,18.0,71.0,0.127,0,1
1067,41.2,57.8,0.551,10,1
1068,44.8,51.8,0.072,0,0
1069,38.6,74.8,0.223,10,1
1070,45.1,55.5,0.473,20,1
1071,24.4,36.2,0.35,10,0
1072,26.7,88.9,0.303,10,0
1073,39.5,22.6,0.832,0,1
1074,59.1,90.4,0.601,20,0
1075,44.7,70.1,0.08,0,0
1076,45.3,40.6,0.698,10,0
1077,25.1,60.5,0.494,20,0
1078,43.1,51.4,0.27,10,0
1079,23.8,76.2,0.55,20,1
1080,59.2,75.8,0.37,0,0
1081,25.9,69.2,0.598,0,1
1082,28.4,74.9,0.194,20,0
1083,20.3,57.7,0.256,0,0
1084,39.0,95.2,0.159,10,0
1085,38.5,84.5,0.24,0,1
1086,56.2,50.5,0.262,20,0
1087,47.3,76.2,0.466,0,0
1088,28.5,74.5,0.218,10,1
1089,48.5,54.8,0.374,10,0
1090,23.1,53.2,0.62,10,1
1091,29.4,84.3,0.51,0,1
1092,39.4,59.7,0.321,0,0
1093,24.4,65.2,0.025,0,0
1094,50.8,88.0,0.388,0,0
1095,65.4,110.7,0.306,0,0
1096,34.5,49.5,0.168,10,1
1097,30.2,55.6,0.411,0,0
1098,36.4,61.5,0.616,20,1
1099,31.3,61.9,0.225,0,0
1100,41.1,67.5,0.547,0,1
1101,22.1,50.2,0.332,0,0
1102,41.8,34.7,0.437,20,1
1103,60.9,95.1,0.609,0,1
1104,18.0,72.2,0.022,10,0
1105,24.0,51.6,0.173,10,0
1106,32.7,68.7,0.059,0,0
1107,44.5,96.7,0.168,20,0
1108,48.7,44.2,0.447,0,1
1109,47.7,64.2,0.908,0,1
1110,18.0,32.2,0.335,20,0
1111,29.9,57.6,0.659,10,1
1112,27.2,72.3,0.433,20,1
1113,37.2,37.7,0.35,10,0
1114,38.2,56.3,0.708,20,0
1115,21.6,76.0,0.647,20,1
1116,32.7,71.8,0.179,0,1
1117,45.0,36.8,0.711,20,1
1118,30.5,67.5,0.009,10,0
1119,35.6,71.2,0.317,0,0
1120,58.4,62.2,0.389,10,0
1121,61.9,81.8,0.322,0,0
1122,18.0,48.2,0.39,10,0
1123,39.4,68.2,0.249,10,1
1124,73.0,36.7,0.362,20,1
1125,43.7,28.0,0.603,0,0
1126,38.2,75.6,0.457,10,0
1127,53.8,60.4,0.799,0,0
1128,40.6,50.7,0.413,10,1
1129,46.5,38.7,0.356,10,0
1130,35.5,76.5,0.89,20,0
1131,40.4,29.8,0.633,20,1
1132,43.1,79.9,0.521,20,1
1133,48.4,69.0,0.097,0,0
1134,32.8,30.8,0.745,0,0
1135,32.5,62.5,0.585,10,0
1136,18.0,113.1,0.195,10,1
1137,33.4,83.8,0.482,0,1
1138,49.4,43.4,0.191,10,1
1139,43.6,74.3,0.696,0,1
1140,26.0,31.7,0.694,0,1
1141,18.0,32.6,0.69,20,1
1142,36.3,58.7,0.29,0,0
1143,49.1,71.0,0.627,0,0
1144,32.3,76.2,0.122,0,0
1145,20.7,76.5,0.394,20,0
1146,30.9,69.9,0.329,20,1
1147,41.9,27.7,0.291,10,0
1148,52.9,58.8,0.164,0,1
1149,34.9,79.4,0.416,20,1
1150,50.7,68.9,0.195,10,0
1151,49.3,63.6,0.295,20,1
1152,23.9,66.6,0.539,20,1
1153,53.0,66.3,0.387,0,1
1154,41.5,20.7,0.317,0,0
1155,23.5,83.1,0.21,0,1
1156,59.1,57.8,0.494,0,0
1157,36.5,74.2,0.517,20,1
1158,18.0,15.0,0.254,20,0
1159,29.5,93.2,0.316,20,0
1160,26.6,36.9,0.417,0,1
1161,29.8,110.8,0.184,0,1
1162,32.7,102.4,0.449,0,0
1163,34.9,33.5,0.178,0,0
1164,34.5,76.3,0.216,0,1
1165,36.8,39.7,0.013,10,0
1166,45.0,47.2,0.202,0,0
1167,29.0,47.7,0.079,20,0
1168,52.2,69.0,0.263,0,0
1169,23.3,66.5,0.257,20,1
1170,45.4,36.0,0.087,0,0
1171,57.7,68.8,0.345,0,0
1172,35.9,55.9,0.731,20,0
1173,40.3,23.6,0.83,20,0
1174,26.4,51.3,0.088,0,1
1175,31.9,93.2,0.463,10,1
1176,56.8,52.0,0.482,0,1
1177,47.0,23.3,0.535,10,0
1178,43.0,76.3,0.295,20,0
1179,18.0,41.4,0.514,0,1
1180,29.4,64.3,0.563,0,0
1181,58.9,56.6,0.789,20,0
1182,42.9,95.2,0.442,0,1
1183,44.4,56.6,0.068,10,1
1184,40.0,37.1,0.323,10,1
1185,30.6,50.6,0.443,10,0
1186,42.0,35.4,0.277,0,0
1187,19.6,55.8,0.544,0,0
1188,18.7,95.4,0.143,0,0
1189,29.2,85.0,0.812,20,0
1190,40.3,100.8,0.306,20,1
1191,19.2,69.6,0.149,10,1
1192,39.5,62.9,0.195,10,1
1193,26.1,40.0,0.708,0,1
1194,27.7,65.4,0.203,0,1
1195,53.6,57.4,0.465,20,1
1196,38.4,75.6,0.75,10,1
1197,27.2,37.6,0.186,0,0
1198,40.2,61.1,0.695,0,1
1199,20.4,28.5,0.574,0,1
1200,42.6,66.8,0.072,0,1
1201,51.3,73.5,0.546,20,1
1202,45.9,27.6,0.66,20,1
1203,63.9,33.2,0.061,20,0
1204,18.0,34.1,0.359,20,1
1205,39.5,56.4,0.393,20,0
1206,21.9,32.1,0.285,10,1
1207,35.9,87.6,0.283,0,1
1208,38.0,68.7,0.129,20,0
1209,65.4,72.0,0.461,0,0
1210,37.3,28.2,0.013,0,0
1211,37.1,85.9,0.388,0,1
1212,50.1,73.0,0.327,10,1
1213,37.4,46.4,0.332,0,1
1214,60.0,29.2,0.529,0,1
1215,46.0,58.5,0.353,0,1
1216,47.9,50.7,0.435,20,0
1217,18.0,51.5,0.33,10,1
1218,61.8,45.9,0.26,20,0
1219,30.1,74.4,0.361,0,0
1220,37.9,15.0,0.671,0,0
1221,30.2,88.6,0.487,10,0
1222,25.7,80.0,0.024,0,0
1223,23.6,64.2,0.495,10,1
1224,39.2,57.1,0.537,20,1
1225,18.0,81.7,0.064,10,1
1226,35.1,59.2,0.56,20,1
1227,50.7,54.4,0.395,0,0
1228,45.6,82.8,0.821,0,1
1229,43.2,101.9,0.197,10,1
1230,27.3,40.6,0.469,0,0
1231,19.0,68.5,0.281,0,0
1232,50.5,38.3,0.709,0,0
1233,32.6,70.0,0.343,0,0
1234,37.0,44.4,0.746,0,1
1235,35.6,84.2,0.118,0,0
1236,46.1,58.0,0.412,10,0
1237,60.1,60.9,0.478,10,0
1238,55.5,92.6,0.55,20,1
1239,18.0,45.3,0.712,10,1
1240,34.3,73.7,0.441,0,1
1241,21.8,47.3,0.09,0,0
1242,49.3,83.9,0.234,0,0
1243,38.0,95.7,0.141,20,0
1244,45.3,54.7,0.81,20,0
1245,33.3,16.1,0.412,0,1
1246,25.5,46.2,0.296,0,0
1247,27.6,108.7,0.466,20,0
1248,19.6,48.2,0.511,10,1
1249,22.8,95.4,0.418,20,1
1250,20.3,47.9,0.502,0,0
1251,25.6,47.4,0.598,0,1
1252,24.9,75.6,0.187,20,0
1253,42.7,73.2,0.425,10,1
1254,42.3,77.0,0.462,10,1
1255,42.7,60.1,0.62,10,1
1256,52.1,80.7,0.616,10,1
1257,37.1,79.2,0.253,20,0
1258,28.6,83.0,0.121,0,1
1259,64.5,47.5,0.37,0,0
1260,48.9,80.7,0.494,20,0
1261,39.8,49.6,0.69,0,1
1262,39.0,56.9,0.17,10,0
1263,41.5,56.4,0.088,10,0
1264,35.6,40.0,0.193,20,1
1265,39.5,25.3,0.084,0,0
1266,44.0,84.5,0.483,0,1
1267,29.3,46.0,0.447,20,0
1268,18.4,54.6,0.544,20,0
1269,18.0,45.4,0.195,10,1
1270,48.7,54.9,0.589,10,1
1271,19.0,49.9,0.219,0,0
1272,43.6,85.6,0.475,10,0
1273,24.1,48.2,0.843,20,1
1274,24.3,94.3,0.199,20,1
1275,29.4,82.8,0.237,0,1
1276,40.3,50.5,0.213,0,1
1277,22.5,66.4,0.262,0,0
1278,30.6,70.4,0.233,20,0
1279,37.7,76.8,0.283,10,1
1280,23.5,78.8,0.33,0,0
1281,55.1,63.7,0.512,0,1
1282,18.0,40.9,0.626,10,1
1283,35.4,72.8,0.509,0,1
1284,53.3,55.3,0.384,20,1
1285,22.1,15.0,0.073,10,1
1286,36.7,67.8,0.81,10,1
1287,39.6,45.3,0.416,0,0
1288,28.3,50.8,0.396,20,0
1289,37.1,60.1,0.67,0,1
1290,44.7,28.9,0.31,0,1
1291,32.4,62.8,0.392,20,0
1292,47.2,53.7,0.557,20,1
1293,42.7,42.5,0.648,20,0
1294,31.0,60.9,0.357,0,0
1295,51.5,26.2,0.431,0,1
1296,29.1,61.5,0.723,0,1
1297,48.3,69.4,0.374,0,0
1298,29.3,66.1,0.336,20,1
1299,34.2,75.8,0.471,0,0
1300,36.0,83.3,0.312,20,1
1301,42.1,58.4,0.423,0,1
1302,18.0,81.9,0.507,0,1
1303,43.5,58.3,0.554,20,0
1304,36.8,46.0,0.21,0,0
1305,41.4,52.1,0.405,0,1
1306,44.0,65.3,0.58,0,1
1307,42.7,81.7,0.494,0,1
1308,18.0,60.0,0.436,10,1
1309,25.3,46.5,0.501,0,1
1310,42.0,88.9,0.177,10,1
1311,40.4,31.3,0.313,20,0
1312,28.5,46.7,0.236,10,0
1313,46.9,77.9,0.406,0,1
1314,34.9,95.3,0.679,10,1
1315,48.6,69.6,0.216,0,0
1316,52.5,65.0,0.402,10,0
1317,41.3,54.2,0.251,10,1
1318,44.7,71.0,0.19,0,1
1319,30.7,62.6,0.446,20,1
1320,48.7,44.9,0.181,20,0
1321,40.6,53.8,0.446,20,0
1322,34.5,42.7,0.495,0,1
1323,23.4,60.3,0.241,10,0
1324,32.2,63.2,0.393,20,0
1325,24.7,92.7,0.792,0,1
1326,47.1,48.1,0.063,20,0
1327,52.6,56.4,0.328,0,1
1328,49.0,85.2,0.803,0,1
1329,67.8,96.1,0.484,20,1
1330,32.5,69.5,0.623,20,1
1331,45.2,54.9,0.677,20,0
1332,23.8,50.5,0.632,20,1
1333,35.6,23.1,0.479,0,1
1334,20.3,41.4,0.539,0,1
1335,44.8,62.0,0.231,20,1
1336,33.7,56.4,0.34,0,0
1337,18.0,72.5,0.71,20,1
1338,29.8,56.1,0.725,10,0
1339,59.5,45.5,0.4,0,0
1340,42.9,66.8,0.413,0,0
1341,47.2,110.1,0.229,10,1
1342,39.5,53.7,0.527,20,1
1343,35.8,62.8,0.069,10,1
1344,38.2,76.9,0.228,10,1
1345,40.9,48.6,0.457,10,1
1346,24.8,85.5,0.403,0,1
1347,47.2,28.4,0.423,0,0
1348,51.5,51.8,0.35,0,0
1349,35.6,53.8,0.086,0,1
1350,31.7,63.0,0.696,0,1
1351,29.1,20.6,0.283,0,1
1352,59.1,87.1,0.412,0,0
1353,32.6,68.3,0.734,0,1
1354,45.8,82.5,0.597,10,0
1355,35.7,92.3,0.755,10,1
1356,35.1,45.2,0.295,0,0
1357,28.8,15.0,0.297,20,1
1358,26.4,82.9,0.662,0,0
1359,46.9,54.3,0.389,20,0
1360,26.1,37.3,0.232,0,0
1361,43.6,71.5,0.788,20,1
1362,39.1,109.3,0.261,0,0
1363,47.0,57.8,0.382,20,1
1364,30.7,79.0,0.376,0,0
1365,51.0,40.2,0.508,20,0
1366,36.3,26.3,0.233,0,1
1367,69.1,78.3,0.064,0,0
1368,18.6,70.9,0.48,20,1
1369,67.1,50.7,0.452,0,1
1370,36.5,94.1,0.134,20,1
1371,40.7,24.7,0.353,0,1
1372,30.7,35.4,0.132,0,0
1373,19.2,49.1,0.544,20,1
1374,31.7,52.9,0.145,0,0
1375,33.6,89.3,0.493,0,0
1376,40.2,61.0,0.548,20,1
1377,51.5,56.1,0.384,20,0
1378,40.3,34.6,0.764,20,1
1379,40.5,81.7,0.028,0,0
1380,42.6,37.3,0.613,10,0
1381,18.0,34.5,0.455,0,0
1382,18.0,52.0,0.616,0,0
1383,20.0,63.3,0.74,20,1
1384,33.5,45.6,0.385,0,0
1385,18.0,74.1,0.371,0,0
1386,29.7,54.3,0.722,0,1
1387,21.6,81.1,0.266,10,0
1388,43.9,70.1,0.537,20,0
1389,43.3,95.8,0.48,10,0
1390,34.4,51.2,0.698,10,1
1391,18.0,76.9,0.096,20,0
1392,35.2,24.3,0.089,10,1
1393,41.9,117.8,0.294,0,0
1394,47.7,75.9,0.38,0,0
1395,59.0,54.1,0.467,0,0
1396,51.4,54.8,0.206,0,1
1397,40.0,55.1,0.065,20,0
1398,34.6,96.8,0.872,0,1
1399,29.1,78.0,0.288,0,0
1400,54.3,51.1,0.656,20,1
1401,40.0,35.2,0.196,20,0
1402,45.6,83.9,0.353,10,0
1403,30.9,76.8,0.146,0,0
1404,23.1,74.1,0.802,0,1
1405,33.2,58.3,0.27,0,0
1406,34.4,54.0,0.116,0,0
1407,40.3,93.7,0.715,0,0
1408,29.2,95.6,0.289,10,0
1409,38.3,72.8,0.709,0,1
1410,52.1,79.4,0.578,0,1
1411,18.0,64.7,0.482,0,0
1412,18.0,32.6,0.531,10,0
1413,53.0,40.4,0.272,10,1
1414,20.4,82.9,0.271,10,0
1415,33.4,85.5,0.416,0,1
1416,45.3,81.1,0.605,0,0
1417,37.3,66.9,0.405,0,1
1418,37.1,81.8,0.063,0,0
1419,38.9,58.8,0.507,20,1
1420,68.2,72.4,0.339,20,0
1421,59.4,55.9,0.413,10,1
1422,29.7,38.9,0.361,20,1
1423,50.6,77.3,0.348,10,0
1424,44.1,85.5,0.397,0,0
1425,37.8,109.5,0.624,20,0
1426,27.1,65.3,0.167,0,0
1427,43.4,39.0,0.326,10,0
1428,34.3,53.4,0.144,0,0
1429,33.4,57.3,0.348,0,0
1430,28.8,63.0,0.41,10,0
1431,50.0,69.4,0.19,0,0
1432,28.8,67.3,0.467,0,0
1433,28.9,75.5,0.48,0,0
1434,47.3,63.9,0.225,0,0
1435,36.3,15.5,0.393,20,0
1436,36.6,64.5,0.072,20,1
1437,50.4,61.7,0.195,0,0
1438,53.8,71.0,0.289,0,0
1439,18.0,52.8,0.272,20,1
1440,36.5,64.5,0.105,0,1
1441,21.1,71.1,0.151,0,0
1442,33.4,56.8,0.311,0,0
1443,37.9,73.5,0.655,20,1
1444,33.7,61.4,0.589,0,1
1445,25.7,63.1,0.378,0,1
1446,25.1,15.0,0.519,0,1
1447,46.7,37.1,0.659,0,0
1448,56.4,37.2,0.143,10,0
1449,18.0,64.3,0.715,10,1
1450,34.1,85.4,0.582,10,0
1451,46.8,57.6,0.6,0,1
1452,37.6,77.0,0.148,0,0
1453,24.6,73.0,0.28,20,1
1454,32.3,62.8,0.623,20,1
1455,41.6,71.5,0.408,0,0
1456,34.3,64.9,0.426,0,1
1457,37.4,57.2,0.652,0,1
1458,37.8,67.8,0.317,10,0
1459,31.7,88.9,0.507,20,1
1460,47.8,69.5,0.708,0,1
1461,32.3,64.4,0.75,20,1
1462,25.9,42.5,0.226,10,0
1463,64.8,88.3,0.298,20,0
1464,37.1,31.9,0.558,0,1
1465,18.0,25.9,0.778,0,1
1466,53.1,67.4,0.209,0,1
1467,53.0,42.4,0.549,20,1
1468,43.5,81.8,0.363,20,0
1469,45.6,26.3,0.684,10,1
1470,63.9,79.2,0.236,0,0
1471,26.4,76.4,0.688,0,0
1472,39.6,62.4,0.605,0,1
1473,61.6,18.0,0.314,10,0
1474,64.2,25.5,0.102,0,0
1475,33.6,64.8,0.506,0,0
1476,62.1,55.3,0.358,10,0
1477,47.6,74.5,0.082,0,0
1478,55.9,58.6,0.701,10,1
1479,47.2,56.9,0.34,0,0
1480,41.7,15.0,0.69,20,1
1481,64.5,76.4,0.513,10,1
1482,31.7,47.0,0.686,20,1
1483,60.8,52.0,0.034,0,0
1484,62.7,38.6,0.427,20,1
1485,54.4,29.2,0.822,20,0
1486,37.1,89.4,0.224,10,1
1487,40.9,75.9,0.434,20,1
1488,22.7,76.2,0.165,0,1
1489,32.6,55.7,0.789,0,1
1490,45.4,25.2,0.315,0,1
1491,20.9,102.0,0.426,10,1
1492,34.4,68.4,0.421,20,1
1493,61.3,62.7,0.534,20,1
1494,36.1,52.8,0.235,0,0
1495,50.4,19.1,0.508,0,1
1496,44.8,82.8,0.382,0,1
1497,34.3,38.8,0.092,10,1
1498,36.1,70.9,0.065,0,0
1499,40.0,75.4,0.466,20,1
1500,18.0,66.7,0.068,0,0
1501,49.4,69.4,0.361,0,1
1502,36.6,86.9,0.19,20,1
1503,49.8,44.2,0.47,0,1
1504,42.7,63.3,0.557,0,1
1505,36.0,55.5,0.552,10,1
1506,40.4,23.2,0.553,0,1
1507,40.4,65.7,0.458,20,1
1508,55.7,85.0,0.604,10,1
1509,38.8,87.5,0.455,0,1
1510,41.5,97.1,0.297,10,1
1511,22.9,24.5,0.064,0,0
1512,37.4,92.6,0.686,20,1
1513,55.5,63.7,0.801,20,1
1514,43.1,92.0,0.304,20,1
1515,25.0,52.1,0.294,0,0
1516,26.3,49.4,0.07,0,0
1517,29.1,35.7,0.308,0,1
1518,50.0,75.5,0.389,10,0
1519,48.5,70.3,0.187,10,0
1520,18.0,37.7,0.186,0,1
1521,37.0,16.7,0.394,20,1
1522,39.8,68.3,0.35,0,0
1523,26.5,70.6,0.202,0,0
1524,33.3,40.3,0.679,0,1
1525,54.0,36.2,0.021,0,0
1526,42.9,73.1,0.657,0,1
1527,32.0,97.1,0.207,10,1
1528,35.8,50.1,0.363,0,0
1529,35.3,42.4,0.458,0,1
1530,41.4,66.0,0.386,20,1
1531,20.8,72.7,0.337,0,0
1532,30.0,52.7,0.306,10,0
1533,50.4,100.5,0.367,0,0
1534,37.1,78.0,0.57,10,0
1535,27.8,52.4,0.533,20,0
1536,28.3,28.2,0.162,0,0
1537,46.7,86.4,0.698,10,1
1538,31.8,83.8,0.136,20,1
1539,44.1,53.9,0.628,10,0
1540,30.5,67.0,0.507,0,1
1541,24.4,57.0,0.135,0,0
1542,40.9,70.4,0.619,10,1
1543,36.8,39.5,0.51,20,0
1544,46.2,36.6,0.465,0,0
1545,48.6,76.2,0.241,0,0
1546,33.7,78.8,0.417,0,0
1547,42.2,50.2,0.213,0,0
1548,33.3,45.0,0.399,0,1
1549,45.6,83.0,0.149,0,0
1550,40.8,45.7,0.738,0,1
1551,30.5,61.1,0.395,0,1
1552,29.5,58.6,0.318,20,0
1553,41.2,30.7,0.5,0,0
1554,51.9,63.8,0.751,0,1
1555,48.8,61.9,0.239,0,0
1556,26.7,67.2,0.52,20,1
1557,27.9,63.2,0.427,20,1
1558,29.7,102.7,0.37,20,0
1559,30.8,83.2,0.039,0,1
1560,18.0,60.8,0.499,20,1
1561,47.5,62.6,0.573,0,1
1562,32.5,95.3,0.659,0,1
1563,43.5,77.3,0.562,10,0
1564,34.2,35.4,0.322,20,0
1565,37.7,79.0,0.202,20,1
1566,29.8,84.9,0.046,20,0
1567,37.7,92.4,0.565,20,0
1568,27.5,52.0,0.434,0,1
1569,37.7,50.5,0.384,0,1
1570,55.5,41.2,0.216,0,0
1571,44.2,66.2,0.09,20,1
1572,41.5,74.7,0.794,0,1
1573,22.2,49.7,0.698,20,1
1574,44.8,57.2,0.744,0,1
1575,46.0,18.9,0.745,0,0
1576,41.2,90.2,0.406,0,0
1577,40.6,28.7,0.262,0,0
1578,36.3,67.5,0.31,20,1
1579,45.8,64.8,0.239,0,0
1580,54.8,60.9,0.26,0,1
1581,42.0,61.4,0.484,0,1
1582,26.3,39.8,0.179,0,0
1583,27.3,53.4,0.426,0,0
1584,46.7,79.4,0.132,0,1
1585,26.4,85.3,0.392,20,0
1586,40.4,51.6,0.401,0,1
1587,33.9,28.8,0.715,0,1
1588,25.1,44.4,0.157,10,0
1589,48.0,97.1,0.254,0,1
1590,46.5,45.6,0.278,0,0
1591,21.7,58.1,0.565,10,1
1592,43.8,88.3,0.496,0,1
1593,42.0,49.5,0.512,10,0
1594,48.0,56.7,0.428,10,0
1595,40.0,75.9,0.183,20,0
1596,55.1,94.2,0.254,20,0
1597,36.5,47.1,0.527,0,1
1598,34.7,87.8,0.46,0,1
1599,26.3,54.4,0.299,0,0
1600,26.8,42.3,0.076,0,1
1601,25.7,65.0,0.188,20,1
1602,40.6,36.8,0.528,20,1
1603,34.8,69.4,0.211,0,1
1604,42.0,123.0,0.71,10,1
1605,23.5,82.1,0.876,0,0
1606,27.7,57.9,0.347,10,0
1607,27.5,81.0,0.581,20,1
1608,64.0,41.4,0.475,10,0
1609,36.0,44.7,0.561,0,0
1610,37.2,58.5,0.78,10,1
1611,37.1,61.8,0.379,0,1
1612,56.6,34.1,0.021,0,1
1613,18.6,53.9,0.523,10,1
1614,37.3,57.1,0.674,0,1
1615,18.5,90.8,0.094,10,0
1616,18.0,34.1,0.768,20,1
1617,29.2,32.3,0.83,0,0
1618,42.9,63.5,0.567,20,1
1619,28.4,83.0,0.12,10,1
1620,42.7,71.0,0.426,10,0
1621,39.3,66.1,0.215,20,0
1622,36.3,54.2,0.616,10,1
1623,53.2,73.5,0.171,20,0
1624,30.8,76.5,0.674,0,1
1625,42.6,54.9,0.368,0,1
1626,18.0,41.0,0.343,10,0
1627,39.2,41.2,0.268,20,0
1628,34.9,77.6,0.311,20,0
1629,23.8,29.1,0.351,10,0
1630,42.8,93.5,0.058,10,1
1631,29.1,50.9,0.563,0,1
1632,58.8,66.2,0.309,20,0
1633,18.0,74.0,0.561,0,0
1634,41.0,46.3,0.591,20,0
1635,38.5,50.8,0.59,10,1
1636,34.6,62.6,0.488,10,1
1637,31.6,42.9,0.487,0,1
1638,38.8,38.6,0.68,20,1
1639,50.7,40.4,0.485,10,1
1640,18.0,84.2,0.477,20,0
1641,28.3,68.0,0.523,0,0
1642,25.4,44.1,0.822,10,0
1643,24.8,77.5,0.821,20,1
1644,42.1,45.2,0.103,10,0
1645,45.1,21.0,0.661,20,0
1646,50.8,73.9,0.166,0,0
1647,45.3,92.9,0.406,0,1
1648,46.2,71.2,0.176,0,0
1649,21.1,22.3,0.286,0,1
1650,55.8,59.5,0.095,20,1
1651,35.5,54.5,0.589,0,1
1652,50.4,67.6,0.542,10,1
1653,21.5,43.1,0.853,0,0
1654,35.1,53.3,0.559,10,0
1655,49.3,31.6,0.098,0,0
1656,38.3,64.4,0.633,0,0
1657,29.0,32.3,0.234,0,1
1658,53.7,68.7,0.435,0,1
1659,23.9,45.0,0.159,20,1
1660,37.8,15.0,0.763,0,1
1661,45.7,75.9,0.255,10,1
1662,63.1,69.9,0.247,20,0
1663,32.5,87.1,0.704,20,0
1664,34.7,18.2,0.284,20,0
1665,32.7,46.9,0.68,20,1
1666,40.9,62.6,0.373,10,0
1667,45.1,71.4,0.311,10,0
1668,51.1,30.7,0.099,0,0
1669,47.1,68.6,0.622,10,0
1670,32.0,48.6,0.803,20,1
1671,47.8,22.9,0.412,0,1
1672,39.1,45.0,0.752,20,1
1673,46.9,70.3,0.217,10,1
1674,47.6,23.7,0.469,0,1
1675,57.6,72.7,0.265,20,1
1676,33.7,65.7,0.678,10,1
1677,31.5,54.9,0.301,0,1
1678,43.4,27.3,0.46,20,1
1679,52.2,28.9,0.612,0,0
1680,38.7,52.0,0.741,20,0
1681,53.0,37.5,0.758,10,0
1682,46.3,53.3,0.078,0,0
1683,35.6,78.1,0.586,20,0
1684,44.8,54.5,0.417,10,1
1685,32.8,54.0,0.439,0,1
1686,40.9,54.0,0.497,0,1
1687,25.1,80.3,0.172,20,1
1688,37.2,85.9,0.545,0,1
1689,50.0,68.4,0.249,20,0
1690,47.2,62.7,0.136,0,1
1691,45.5,64.6,0.599,10,0
1692,41.4,88.6,0.615,20,0
1693,39.9,69.5,0.661,0,1
1694,22.8,90.4,0.343,10,1
1695,35.5,51.6,0.74,20,0
1696,40.2,33.3,0.469,20,1
1697,24.5,46.6,0.666,10,0
1698,18.0,48.7,0.656,10,0
1699,51.5,92.1,0.301,20,0
1700,38.6,74.7,0.294,20,0
1701,40.5,47.3,0.454,20,0
1702,44.7,76.2,0.789,0,0
1703,26.2,57.4,0.366,20,0
1704,33.2,92.7,0.446,0,1
1705,56.0,53.3,0.507,0,0
1706,32.1,29.2,0.299,0,0
1707,34.8,56.3,0.722,0,0
1708,30.0,53.3,0.298,0,1
1709,29.1,33.1,0.54,0,1
1710,51.3,71.7,0.564,0,0
1711,18.0,88.5,0.596,20,0
1712,32.5,37.6,0.495,0,0
1713,40.7,79.5,0.234,0,1
1714,58.4,47.9,0.734,0,0
1715,24.4,59.5,0.018,0,1
1716,22.3,57.4,0.382,0,1
1717,27.7,59.5,0.457,10,0
1718,46.4,69.5,0.489,20,0
1719,39.5,39.5,0.294,20,1
1720,20.7,85.9,0.533,20,1
1721,39.2,70.1,0.516,0,0
1722,56.6,76.7,0.594,0,0
1723,41.2,44.4,0.589,0,1
1724,40.0,37.7,0.529,20,1
1725,40.7,83.7,0.629,0,0
1726,43.0,36.8,0.495,10,0
1727,22.8,63.0,0.234,0,0
1728,35.2,80.4,0.208,0,1
1729,35.8,57.5,0.474,20,0
1730,32.2,83.4,0.219,20,1
1731,46.2,54.6,0.06,20,0
1732,30.4,34.5,0.713,10,1
1733,33.7,67.5,0.804,20,1
1734,22.9,64.0,0.239,10,0
1735,42.5,113.8,0.315,20,1
1736,49.3,41.1,0.257,0,1
1737,33.7,55.0,0.478,10,0
1738,47.7,45.4,0.234,10,0
1739,36.2,57.2,0.299,0,0
1740,18.0,56.3,0.569,20,1
1741,37.4,42.6,0.164,20,0
1742,35.9,69.4,0.402,10,0
1743,39.2,55.7,0.141,0,1
1744,41.0,86.9,0.19,0,0
1745,29.8,47.0,0.123,20,0
1746,55.7,97.2,0.409,10,1
1747,37.2,65.5,0.395,0,1
1748,35.6,85.4,0.043,10,0
1749,46.9,62.3,0.368,0,0
1750,38.2,44.4,0.122,10,0
1751,68.8,54.7,0.783,0,1
1752,35.5,32.3,0.59,0,0
1753,42.2,57.8,0.536,20,1
1754,29.0,63.4,0.595,0,1
1755,48.4,60.9,0.342,0,0
1756,41.7,86.6,0.576,0,1
1757,33.9,57.0,0.228,0,0
1758,27.5,22.1,0.382,0,0
1759,22.3,130.9,0.18,20,1
1760,43.0,46.2,0.866,20,1
1761,21.4,79.4,0.067,20,0
1762,53.7,29.9,0.179,20,0
1763,22.8,64.9,0.216,0,1
1764,35.9,44.1,0.775,0,0
1765,27.4,15.0,0.363,0,1
1766,38.4,54.3,0.229,20,1
1767,38.3,59.0,0.529,10,0
1768,43.3,55.6,0.758,0,0
1769,19.7,64.9,0.365,0,1
1770,28.8,54.6,0.137,0,0
1771,49.6,61.4,0.165,10,0
1772,45.9,63.4,0.63,20,0
1773,18.0,59.3,0.579,0,0
1774,42.5,56.6,0.257,20,0
1775,25.6,42.1,0.328,0,1
1776,30.9,71.9,0.478,20,1
1777,35.3,54.3,0.562,20,1
1778,56.7,52.7,0.508,20,1
1779,25.5,70.2,0.579,0,1
1780,21.2,64.2,0.227,0,0
1781,43.4,46.0,0.675,10,0
1782,37.7,85.0,0.784,10,0
1783,52.5,36.2,0.46,10,1
1784,33.8,39.4,0.399,20,0
1785,52.5,73.4,0.091,0,1
1786,38.2,95.0,0.303,0,0
1787,44.3,48.5,0.632,0,1
1788,57.5,68.3,0.459,20,0
1789,36.0,36.2,0.613,20,1
1790,50.5,41.4,0.307,0,0
1791,30.6,82.6,0.662,0,1
1792,40.7,67.3,0.291,20,1
1793,20.7,83.3,0.663,20,1
1794,31.9,81.7,0.531,0,0
1795,25.3,18.2,0.344,20,1
1796,52.6,36.1,0.043,20,1
1797,58.9,65.5,0.687,10,0
1798,33.7,26.1,0.469,10,0
1799,28.7,38.9,0.366,0,0
1800,22.2,88.5,0.415,10,1
1801,41.2,49.2,0.101,0,0
1802,30.8,74.2,0.203,0,1
1803,31.4,59.4,0.679,0,1
1804,57.6,46.4,0.726,0,1
1805,34.4,26.7,0.167,0,1
1806,45.0,64.7,0.465,10,0
1807,38.6,89.1,0.427,10,0
1808,21.7,47.0,0.578,10,0
1809,18.0,61.4,0.302,0,1
1810,43.9,29.6,0.579,0,1
1811,58.4,46.6,0.608,20,1
1812,41.8,66.8,0.484,10,0
1813,45.5,74.9,0.636,20,1
1814,27.1,71.1,0.237,0,0
1815,50.2,19.4,0.62,10,1
1816,50.0,50.9,0.148,0,0
1817,29.6,40.7,0.617,10,0
1818,44.5,53.8,0.608,20,1
1819,18.0,57.8,0.476,20,1
1820,46.7,81.3,0.333,20,0
1821,31.1,65.9,0.278,0,1
1822,23.3,88.4,0.54,10,1
1823,42.8,46.0,0.104,0,0
1824,18.0,31.7,0.244,10,0
1825,42.1,89.1,0.551,0,1
1826,24.4,68.7,0.258,20,1
1827,21.8,45.1,0.339,20,0
1828,38.7,68.8,0.484,0,1
1829,35.9,76.7,0.404,0,0
1830,55.5,62.4,0.159,0,0
1831,22.6,45.4,0.328,10,0
1832,54.5,51.2,0.44,0,0
1833,24.3,65.8,0.639,20,0
1834,49.0,64.0,0.793,20,1
1835,51.3,84.2,0.526,10,0
1836,41.9,54.5,0.05,10,0
1837,28.5,40.7,0.838,0,0
1838,19.7,111.5,0.529,20,1
1839,18.0,63.5,0.349,10,0
1840,60.2,76.7,0.369,20,0
1841,34.4,70.4,0.518,10,1
1842,24.7,63.7,0.204,10,1
1843,24.3,55.4,0.189,0,1
1844,40.0,15.0,0.402,10,1
1845,33.3,38.7,0.83,20,1
1846,18.0,66.6,0.515,20,0
1847,48.4,15.0,0.184,10,0
1848,42.0,61.4,0.027,0,1
1849,60.1,73.2,0.18,20,1
1850,51.7,76.7,0.453,20,1
1851,18.0,72.0,0.289,0,0
1852,55.0,79.2,0.624,20,1
1853,52.5,92.1,0.208,0,1
1854,29.2,81.9,0.373,10,0
1855,32.8,63.9,0.725,0,0
1856,42.9,57.3,0.207,20,0
1857,25.8,62.3,0.285,0,0
1858,35.1,54.5,0.335,10,0
1859,50.0,82.4,0.412,0,1
1860,44.2,71.4,0.394,0,1
1861,30.0,52.4,0.089,10,0
1862,50.3,86.5,0.186,0,0
1863,41.6,54.2,0.302,10,0
1864,41.2,41.1,0.297,20,0
1865,31.8,59.8,0.644,20,0
1866,37.9,43.5,0.742,20,1
1867,28.7,78.7,0.641,0,0
1868,18.0,43.1,0.181,0,1
1869,34.6,57.7,0.744,10,0
1870,36.5,78.8,0.474,0,1
1871,39.6,45.8,0.346,20,0
1872,52.5,68.2,0.355,0,1
1873,30.2,40.5,0.595,20,0
1874,33.6,64.9,0.672,0,0
1875,47.2,71.3,0.557,20,1
1876,29.0,59.2,0.043,0,0
1877,39.8,60.7,0.733,0,1
1878,33.1,68.9,0.1,10,1
1879,35.1,54.4,0.487,0,0
1880,47.1,77.8,0.583,20,1
1881,33.5,87.4,0.571,10,0
1882,47.5,41.5,0.134,0,0
1883,18.0,95.3,0.634,20,1
1884,20.8,53.9,0.425,0,0
1885,18.0,99.9,0.332,20,1
1886,24.0,54.2,0.241,0,0
1887,60.3,74.1,0.538,10,1
1888,37.8,74.0,0.619,0,1
1889,29.3,52.3,0.18,0,0
1890,47.4,61.5,0.455,10,1
1891,49.1,88.8,0.611,10,0
1892,23.3,53.6,0.127,0,0
1893,68.0,51.6,0.587,10,1
1894,41.3,36.9,0.655,10,1
1895,42.8,91.4,0.312,0,0
1896,44.0,50.4,0.783,0,1
1897,43.9,84.0,0.63,0,1
1898,30.5,48.0,0.27,0,1
1899,63.4,83.4,0.207,0,0
1900,34.6,76.1,0.183,0,1
1901,49.5,55.4,0.644,20,1
1902,32.3,45.3,0.693,20,1
1903,30.2,46.9,0.366,0,0
1904,60.8,46.7,0.242,0,1
1905,36.7,81.3,0.443,20,1
1906,37.6,63.2,0.612,0,1
1907,41.4,37.7,0.529,20,1
1908,69.2,55.0,0.913,20,1
1909,64.0,57.4,0.583,10,0
1910,53.4,17.2,0.116,0,0
1911,72.2,56.1,0.452,20,0
1912,26.7,74.5,0.58,20,0
1913,45.9,57.2,0.31,10,0
1914,38.9,65.1,0.432,10,1
1915,18.0,69.7,0.069,0,0
1916,43.6,53.1,0.321,0,0
1917,32.1,74.6,0.25,10,0
1918,56.4,89.1,0.272,20,0
1919,33.3,29.5,0.409,10,1
1920,32.6,53.1,0.539,20,0
1921,56.4,106.6,0.083,0,1
1922,37.2,63.4,0.833,0,1
1923,52.0,59.3,0.596,10,1
1924,43.1,54.8,0.75,0,1
1925,43.3,85.5,0.251,10,1
1926,35.1,41.2,0.65,0,0
1927,44.0,78.5,0.538,20,1
1928,36.4,54.5,0.346,20,0
1929,28.4,45.0,0.272,0,0
1930,36.7,55.4,0.197,0,1
1931,53.5,59.1,0.524,10,0
1932,44.4,50.0,0.312,20,0
1933,47.2,82.3,0.888,10,0
1934,38.0,45.2,0.438,0,1
1935,18.0,62.8,0.053,0,0
1936,23.3,70.7,0.358,0,1
1937,34.5,62.6,0.307,0,0
1938,24.4,75.4,0.33,20,1
1939,31.7,51.3,0.808,20,1
1940,31.3,72.5,0.546,0,0
1941,31.6,73.0,0.46,0,1
1942,55.2,79.4,0.432,0,0
1943,37.4,22.3,0.277,20,1
1944,49.2,70.2,0.589,10,1
1945,40.0,78.0,0.278,10,1
1946,55.0,51.8,0.633,0,0
1947,50.3,49.0,0.193,10,0
1948,30.9,46.0,0.475,0,0
1949,61.5,39.4,0.198,0,1
1950,32.5,73.3,0.583,10,1
1951,40.4,105.6,0.728,10,1
1952,42.5,48.9,0.401,0,0
1953,43.9,50.7,0.491,0,1
1954,47.6,60.3,0.719,0,1
1955,28.9,28.0,0.589,0,0
1956,46.5,46.1,0.241,10,0
1957,45.0,58.9,0.342,20,1
1958,38.0,42.1,0.727,0,1
1959,35.7,83.9,0.346,0,0
1960,28.3,34.1,0.508,0,1
1961,43.8,78.0,0.328,10,1
1962,30.1,89.4,0.402,0,0
1963,40.9,67.6,0.768,20,0
1964,36.8,57.3,0.272,0,1
1965,22.0,64.9,0.406,10,0
1966,26.8,51.2,0.347,20,0
1967,42.9,19.3,0.689,20,0
1968,31.7,40.4,0.335,20,1
1969,31.3,59.8,0.741,20,1
1970,28.8,41.2,0.707,20,1
1971,29.2,51.7,0.168,0,0
1972,57.7,69.6,0.302,0,1
1973,24.6,62.9,0.307,0,0
1974,55.7,81.2,0.398,10,1
1975,34.0,65.9,0.252,20,1
1976,30.2,67.1,0.162,0,1
1977,42.6,45.8,0.694,10,1
1978,38.6,33.4,0.373,10,0
1979,35.6,51.7,0.716,20,1
1980,40.6,45.5,0.165,10,0
1981,38.4,56.7,0.698,20,0
1982,35.4,38.7,0.443,0,1
1983,49.2,76.8,0.262,0,0
1984,20.6,45.4,0.562,10,1
1985,27.0,52.7,0.278,0,0
1986,28.5,59.6,0.729,0,1
1987,25.3,82.5,0.498,20,1
1988,39.0,95.2,0.304,20,0
1989,44.1,96.5,0.344,20,0
1990,18.0,34.4,0.487,0,0
1991,32.3,52.5,0.346,10,1
1992,34.1,48.7,0.711,0,0
1993,34.6,67.4,0.634,0,0
1994,22.6,66.2,0.774,10,0
1995,34.2,48.3,0.397,0,0
1996,27.1,46.8,0.483,0,0
1997,34.0,40.1,0.042,10,1
1998,18.0,15.0,0.169,0,0
1999,34.1,34.0,0.464,20,0
2000,29.4,77.3,0.552,10,1
